id,created,occurred_at,proposal,question,updated,user,vote
typ8r395cknee0n,2026-07-28 11:16:38.638Z,2026-07-28 11:16:38.638Z,4ye5dsqpshy40jr,0w3z1e5u1y1d83t,2026-08-05 16:14:55.493Z,407be8b01d4ce342,0
5vktno1y0tj629p,2026-07-28 11:33:57.162Z,2026-07-28 11:33:57.162Z,ppkkg16jlpylazv,0w3z1e5u1y1d83t,2026-07-28 11:34:05.159Z,3e36e627a64bac27,0
bi2xq7ymdq2h84u,2026-07-28 13:23:48.123Z,,ppkkg16jlpylazv,0w3z1e5u1y1d83t,2026-07-28 13:23:59.392Z,de13859e1d6aea12,0
v64y9n47p93yxfp,2026-07-28 13:59:57.772Z,,ppkkg16jlpylazv,0w3z1e5u1y1d83t,2026-08-03 12:42:30.708Z,407be8b01d4ce342,1
s1pir4jdnvt7pdq,2026-07-30 08:55:26.615Z,2026-07-30 08:55:26.615Z,kfb0ib2gefppy6l,0w3z1e5u1y1d83t,2026-08-03 09:00:09.377Z,407be8b01d4ce342,0
6iizs9ff2arw174,2026-07-31 08:26:21.212Z,2026-07-31 08:26:21.212Z,l5sqzdyfozw6267,0w3z1e5u1y1d83t,2026-07-31 08:26:21.212Z,15e064539716cfbb,1
wwgiqtfdhyr7b77,2026-08-01 08:35:16.527Z,2026-08-01 08:35:16.527Z,tbzg254knicrhqz,0w3z1e5u1y1d83t,2026-08-01 08:35:16.527Z,34063db6dedf42bc,1
bac1ky8ctwmyk5y,2026-08-01 08:36:10.893Z,2026-08-01 08:36:10.893Z,rcjsk2waeqw14pm,0w3z1e5u1y1d83t,2026-08-01 08:36:10.893Z,34063db6dedf42bc,1
j93tcjuv7m8k977,2026-08-01 08:39:58.049Z,2026-08-01 08:39:58.048Z,ag1c4yqxa4oe2w4,0w3z1e5u1y1d83t,2026-08-01 08:39:58.049Z,34063db6dedf42bc,1
8ewcb0obyq8cez4,2026-08-02 09:10:57.221Z,,tbzg254knicrhqz,0w3z1e5u1y1d83t,2026-08-02 09:10:57.221Z,407be8b01d4ce342,1
0wbe1nok8nnlyd8,2026-08-02 10:49:16.062Z,,l5sqzdyfozw6267,0w3z1e5u1y1d83t,2026-08-04 12:04:43.078Z,407be8b01d4ce342,1
cdrwua7g64mofc3,2026-08-03 10:21:46.057Z,,ppkkg16jlpylazv,0w3z1e5u1y1d83t,2026-08-05 16:26:23.919Z,b003312e6c38c8a5,1
ws98d3dol86et3m,2026-08-03 10:22:20.020Z,,4ye5dsqpshy40jr,0w3z1e5u1y1d83t,2026-08-05 16:27:04.876Z,b003312e6c38c8a5,1
bjhq2a9cgsegkse,2026-08-03 10:22:43.006Z,,g8f2osl4qpr7ixl,0w3z1e5u1y1d83t,2026-08-05 16:26:18.132Z,b003312e6c38c8a5,0
uy47zi1dvzh6087,2026-08-03 10:28:56.786Z,2026-08-03 10:28:56.786Z,5ts5a0oatsjtetw,0w3z1e5u1y1d83t,2026-08-05 16:25:49.033Z,b003312e6c38c8a5,1
by56i3vfiopr4s1,2026-08-03 10:36:59.481Z,2026-08-03 10:36:59.480Z,f2zfx98durbtu6y,0w3z1e5u1y1d83t,2026-08-05 16:25:31.762Z,b003312e6c38c8a5,1
yh8bzqopbh0njjt,2026-08-03 10:37:37.086Z,,l5sqzdyfozw6267,0w3z1e5u1y1d83t,2026-08-05 16:26:01.557Z,b003312e6c38c8a5,0
uceh9ijw7y6ngxk,2026-08-03 10:53:30.335Z,,f2zfx98durbtu6y,0w3z1e5u1y1d83t,2026-08-03 10:53:35.266Z,15e064539716cfbb,0
p6t45nxbg6qz4jx,2026-08-03 10:56:45.285Z,,4ye5dsqpshy40jr,0w3z1e5u1y1d83t,2026-08-03 10:56:50.059Z,15e064539716cfbb,0
r0c6eagwzgpsgfd,2026-08-03 12:17:39.243Z,,l5sqzdyfozw6267,0w3z1e5u1y1d83t,2026-08-03 12:17:39.243Z,cc3304ea9b75a00f,1
gfft5nkfda7nx95,2026-08-03 12:24:57.116Z,2026-08-03 12:24:57.116Z,spcuyp6qr3y1eq6,0w3z1e5u1y1d83t,2026-08-03 12:24:57.116Z,cc3304ea9b75a00f,1
kon4txkg5k7grp5,2026-08-03 12:28:23.990Z,2026-08-03 12:28:23.990Z,i6o7tfr2opn951e,0w3z1e5u1y1d83t,2026-08-03 12:28:23.990Z,cc3304ea9b75a00f,1
043a6hidcj1oyid,2026-08-03 12:34:51.980Z,,f2zfx98durbtu6y,0w3z1e5u1y1d83t,2026-08-03 12:34:51.980Z,407be8b01d4ce342,1
jrrzceujcv2mwox,2026-08-03 12:35:39.229Z,,5ts5a0oatsjtetw,0w3z1e5u1y1d83t,2026-08-03 12:35:39.229Z,407be8b01d4ce342,1
9yx0ntzr83gypbk,2026-08-03 12:39:56.930Z,,i6o7tfr2opn951e,0w3z1e5u1y1d83t,2026-08-03 12:39:56.930Z,407be8b01d4ce342,1
r6h4n5avaefhth0,2026-08-03 12:42:44.171Z,,rcjsk2waeqw14pm,0w3z1e5u1y1d83t,2026-08-03 12:42:44.171Z,407be8b01d4ce342,1
8eq9rv7tajt084x,2026-08-03 12:43:06.131Z,,spcuyp6qr3y1eq6,0w3z1e5u1y1d83t,2026-08-03 12:43:06.131Z,407be8b01d4ce342,1
x23znr0lsjyom6t,2026-08-03 14:31:37.122Z,2026-08-03 14:31:37.122Z,n9fuozjh7xq5vuy,0w3z1e5u1y1d83t,2026-08-03 14:31:37.122Z,adc82731fb3dc1de,1
mu8s7te0r59ter1,2026-08-04 12:24:17.058Z,,n9fuozjh7xq5vuy,0w3z1e5u1y1d83t,2026-08-04 12:24:17.058Z,407be8b01d4ce342,1
d6lfplv7x0mfawl,2026-08-05 16:15:45.394Z,,n9fuozjh7xq5vuy,0w3z1e5u1y1d83t,2026-08-05 16:15:46.353Z,3e36e627a64bac27,0
ksf1fmbv25rubmi,2026-08-05 16:16:44.840Z,,spcuyp6qr3y1eq6,0w3z1e5u1y1d83t,2026-08-05 16:16:44.840Z,3e36e627a64bac27,1
fzzyx4m2rn1q4ug,2026-08-05 16:16:55.874Z,,i6o7tfr2opn951e,0w3z1e5u1y1d83t,2026-08-05 16:16:55.874Z,3e36e627a64bac27,1
t0tia0womgf5pt9,2026-08-05 16:17:00.749Z,,f2zfx98durbtu6y,0w3z1e5u1y1d83t,2026-08-05 16:17:00.749Z,3e36e627a64bac27,1
p3o3fo711kkkqpr,2026-08-05 16:18:35.380Z,,l5sqzdyfozw6267,0w3z1e5u1y1d83t,2026-08-05 16:19:00.025Z,3e36e627a64bac27,1
yzjc1c9gntvrzkq,2026-08-05 16:24:05.291Z,,spcuyp6qr3y1eq6,0w3z1e5u1y1d83t,2026-08-05 16:24:05.291Z,b003312e6c38c8a5,1
