id,created,event_type,payload_json,reference_id,status,updated,user
n3cg5wtagltpn3k,2026-08-03 10:28:56.794Z,proposal_remixed,"{""title"": ""Your idea was remixed \ud83d\udca1"", ""body"": ""\""Essen F\u00fcr alle\"" was created from your idea."", ""data"": {""url"": ""/questions/0w3z1e5u1y1d83t/proposals/5ts5a0oatsjtetw""}}",ppkkg16jlpylazv_5ts5a0oatsjtetw,pending,2026-08-03 10:28:56.794Z,3e36e627a64bac27
j60ip8hozge2oc7,2026-08-03 10:28:56.865Z,vote_migration,"{""title"": ""Neuer Remix verf\u00fcgbar \ud83c\udf3f"", ""body"": ""Eine neue Version von \""Essen F\u00fcr alle\"" ist verf\u00fcgbar. Vergleiche die \u00c4nderungen."", ""data"": {""url"": ""/questions/0w3z1e5u1y1d83t/proposals/5ts5a0oatsjtetw?action=compare""}}",ppkkg16jlpylazv_5ts5a0oatsjtetw,actioned,2026-08-03 12:34:57.794Z,407be8b01d4ce342
dw2y119psgef3ly,2026-08-03 10:36:59.484Z,proposal_remixed,"{""title"": ""Deine Idee wurde geremixt \ud83d\udca1"", ""body"": ""\""Liste erweitern\"" wurde aus deiner Idee erstellt."", ""data"": {""url"": ""/questions/0w3z1e5u1y1d83t/proposals/f2zfx98durbtu6y""}}",l5sqzdyfozw6267_f2zfx98durbtu6y,dismissed,2026-08-05 08:58:13.029Z,15e064539716cfbb
s8lzuaed13hnhbo,2026-08-03 10:36:59.490Z,vote_migration,"{""title"": ""Neuer Remix verf\u00fcgbar \ud83c\udf3f"", ""body"": ""Eine neue Version von \""Liste erweitern\"" ist verf\u00fcgbar. Vergleiche die \u00c4nderungen."", ""data"": {""url"": ""/questions/0w3z1e5u1y1d83t/proposals/f2zfx98durbtu6y?action=compare""}}",l5sqzdyfozw6267_f2zfx98durbtu6y,actioned,2026-08-03 12:33:33.091Z,407be8b01d4ce342
ybn8axixm020r00,2026-08-03 12:28:23.993Z,proposal_remixed,"{""title"": ""Your idea was remixed \ud83d\udca1"", ""body"": ""\""Untergr\u00fcppchen\"" was created from your idea."", ""data"": {""url"": ""/questions/0w3z1e5u1y1d83t/proposals/i6o7tfr2opn951e""}}",ag1c4yqxa4oe2w4_i6o7tfr2opn951e,pending,2026-08-03 12:28:23.993Z,34063db6dedf42bc
5j0dz7v36hc22sd,2026-08-03 17:09:00.018Z,phase_change,"{""title"": ""Bald geschlossen \u23f3"", ""body"": ""\""Wie finanzieren wir gemeinsame WG-Eink\u00e4ufe fair, wenn alle unterschiedliche Bed\u00fcrfnisse haben?\"" geht in die Abschlussphase. Lege deine Unterst\u00fctzung fest."", ""data"": {""url"": ""/questions/0w3z1e5u1y1d83t/proposals/question""}}",0w3z1e5u1y1d83t_Closing,actioned,2026-08-06 13:06:19.883Z,de13859e1d6aea12
7i062mt9l29anft,2026-08-03 17:09:00.020Z,phase_change,"{""title"": ""Bald geschlossen \u23f3"", ""body"": ""\""Wie finanzieren wir gemeinsame WG-Eink\u00e4ufe fair, wenn alle unterschiedliche Bed\u00fcrfnisse haben?\"" geht in die Abschlussphase. Lege deine Unterst\u00fctzung fest."", ""data"": {""url"": ""/questions/0w3z1e5u1y1d83t/proposals/question""}}",0w3z1e5u1y1d83t_Closing,pending,2026-08-03 17:09:00.020Z,2347e60c2ede6045
1iwbhb7xm1egcpt,2026-08-03 17:09:00.022Z,phase_change,"{""title"": ""Bald geschlossen \u23f3"", ""body"": ""\""Wie finanzieren wir gemeinsame WG-Eink\u00e4ufe fair, wenn alle unterschiedliche Bed\u00fcrfnisse haben?\"" geht in die Abschlussphase. Lege deine Unterst\u00fctzung fest."", ""data"": {""url"": ""/questions/0w3z1e5u1y1d83t/proposals/question""}}",0w3z1e5u1y1d83t_Closing,dismissed,2026-08-05 08:58:11.953Z,15e064539716cfbb
neovuf37debjjwg,2026-08-03 17:09:00.024Z,phase_change,"{""title"": ""Closing soon \u23f3"", ""body"": ""\""Wie finanzieren wir gemeinsame WG-Eink\u00e4ufe fair, wenn alle unterschiedliche Bed\u00fcrfnisse haben?\"" is entering the closing window. Finalize your support."", ""data"": {""url"": ""/questions/0w3z1e5u1y1d83t/proposals/question""}}",0w3z1e5u1y1d83t_Closing,pending,2026-08-03 17:09:00.024Z,3e36e627a64bac27
mcp0cp9ypzrvqak,2026-08-03 17:09:00.026Z,phase_change,"{""title"": ""Bald geschlossen \u23f3"", ""body"": ""\""Wie finanzieren wir gemeinsame WG-Eink\u00e4ufe fair, wenn alle unterschiedliche Bed\u00fcrfnisse haben?\"" geht in die Abschlussphase. Lege deine Unterst\u00fctzung fest."", ""data"": {""url"": ""/questions/0w3z1e5u1y1d83t/proposals/question""}}",0w3z1e5u1y1d83t_Closing,pending,2026-08-03 17:09:00.026Z,3928dc02b346700b
dezbgk1rr0dqvtp,2026-08-03 17:09:00.027Z,phase_change,"{""title"": ""Bald geschlossen \u23f3"", ""body"": ""\""Wie finanzieren wir gemeinsame WG-Eink\u00e4ufe fair, wenn alle unterschiedliche Bed\u00fcrfnisse haben?\"" geht in die Abschlussphase. Lege deine Unterst\u00fctzung fest."", ""data"": {""url"": ""/questions/0w3z1e5u1y1d83t/proposals/question""}}",0w3z1e5u1y1d83t_Closing,actioned,2026-08-03 21:00:34.285Z,407be8b01d4ce342
oqgqa0r9j3g8zrk,2026-08-03 17:09:00.028Z,phase_change,"{""title"": ""Closing soon \u23f3"", ""body"": ""\""Wie finanzieren wir gemeinsame WG-Eink\u00e4ufe fair, wenn alle unterschiedliche Bed\u00fcrfnisse haben?\"" is entering the closing window. Finalize your support."", ""data"": {""url"": ""/questions/0w3z1e5u1y1d83t/proposals/question""}}",0w3z1e5u1y1d83t_Closing,pending,2026-08-03 17:09:00.028Z,34063db6dedf42bc
uc9rw5abd2yz87f,2026-08-03 17:09:00.030Z,phase_change,"{""title"": ""Bald geschlossen \u23f3"", ""body"": ""\""Wie finanzieren wir gemeinsame WG-Eink\u00e4ufe fair, wenn alle unterschiedliche Bed\u00fcrfnisse haben?\"" geht in die Abschlussphase. Lege deine Unterst\u00fctzung fest."", ""data"": {""url"": ""/questions/0w3z1e5u1y1d83t/proposals/question""}}",0w3z1e5u1y1d83t_Closing,pending,2026-08-03 17:09:00.030Z,b003312e6c38c8a5
go77snikpyuztsh,2026-08-03 17:09:00.031Z,phase_change,"{""title"": ""Bald geschlossen \u23f3"", ""body"": ""\""Wie finanzieren wir gemeinsame WG-Eink\u00e4ufe fair, wenn alle unterschiedliche Bed\u00fcrfnisse haben?\"" geht in die Abschlussphase. Lege deine Unterst\u00fctzung fest."", ""data"": {""url"": ""/questions/0w3z1e5u1y1d83t/proposals/question""}}",0w3z1e5u1y1d83t_Closing,actioned,2026-08-03 19:06:30.665Z,563eab35510dcae3
mfnnsg23aapm8uz,2026-08-03 17:09:00.033Z,phase_change,"{""title"": ""Bald geschlossen \u23f3"", ""body"": ""\""Wie finanzieren wir gemeinsame WG-Eink\u00e4ufe fair, wenn alle unterschiedliche Bed\u00fcrfnisse haben?\"" geht in die Abschlussphase. Lege deine Unterst\u00fctzung fest."", ""data"": {""url"": ""/questions/0w3z1e5u1y1d83t/proposals/question""}}",0w3z1e5u1y1d83t_Closing,pending,2026-08-03 17:09:00.033Z,cc3304ea9b75a00f
76qsos6cyisrlwj,2026-08-03 17:09:00.035Z,phase_change,"{""title"": ""Closing soon \u23f3"", ""body"": ""\""Wie finanzieren wir gemeinsame WG-Eink\u00e4ufe fair, wenn alle unterschiedliche Bed\u00fcrfnisse haben?\"" is entering the closing window. Finalize your support."", ""data"": {""url"": ""/questions/0w3z1e5u1y1d83t/proposals/question""}}",0w3z1e5u1y1d83t_Closing,pending,2026-08-03 17:09:00.035Z,adc82731fb3dc1de
icvdffge8kbxsc8,2026-08-04 17:10:00.064Z,phase_halfway,"{""title"": ""Abschlussphase zur H\u00e4lfte \u23f0"", ""body"": ""Die Abschlussphase f\u00fcr \u201eWie finanzieren wir gemeinsame WG-Eink\u00e4ufe fair, wenn alle unterschiedliche Bed\u00fcrfnisse haben?\"" ist zur H\u00e4lfte vorbei. Lege jetzt deine Unterst\u00fctzung fest!"", ""data"": {""url"": ""/questions/0w3z1e5u1y1d83t/proposals/question""}}",0w3z1e5u1y1d83t_Closing_phase_halfway,actioned,2026-08-06 13:06:18.248Z,de13859e1d6aea12
jgcokru07r3dgeo,2026-08-04 17:10:00.067Z,phase_halfway,"{""title"": ""Abschlussphase zur H\u00e4lfte \u23f0"", ""body"": ""Die Abschlussphase f\u00fcr \u201eWie finanzieren wir gemeinsame WG-Eink\u00e4ufe fair, wenn alle unterschiedliche Bed\u00fcrfnisse haben?\"" ist zur H\u00e4lfte vorbei. Lege jetzt deine Unterst\u00fctzung fest!"", ""data"": {""url"": ""/questions/0w3z1e5u1y1d83t/proposals/question""}}",0w3z1e5u1y1d83t_Closing_phase_halfway,pending,2026-08-04 17:10:00.067Z,2347e60c2ede6045
cyb5q1j3fajge0n,2026-08-04 17:10:00.069Z,phase_halfway,"{""title"": ""Abschlussphase zur H\u00e4lfte \u23f0"", ""body"": ""Die Abschlussphase f\u00fcr \u201eWie finanzieren wir gemeinsame WG-Eink\u00e4ufe fair, wenn alle unterschiedliche Bed\u00fcrfnisse haben?\"" ist zur H\u00e4lfte vorbei. Lege jetzt deine Unterst\u00fctzung fest!"", ""data"": {""url"": ""/questions/0w3z1e5u1y1d83t/proposals/question""}}",0w3z1e5u1y1d83t_Closing_phase_halfway,dismissed,2026-08-05 08:58:13.800Z,15e064539716cfbb
wzgzgn7e0npmr1n,2026-08-04 17:10:00.070Z,phase_halfway,"{""title"": ""Closing window half over \u23f0"", ""body"": ""The closing window for \""Wie finanzieren wir gemeinsame WG-Eink\u00e4ufe fair, wenn alle unterschiedliche Bed\u00fcrfnisse haben?\"" is half over. Finalize your support now!"", ""data"": {""url"": ""/questions/0w3z1e5u1y1d83t/proposals/question""}}",0w3z1e5u1y1d83t_Closing_phase_halfway,pending,2026-08-04 17:10:00.070Z,3e36e627a64bac27
qdby22hmkzr68ll,2026-08-04 17:10:00.071Z,phase_halfway,"{""title"": ""Abschlussphase zur H\u00e4lfte \u23f0"", ""body"": ""Die Abschlussphase f\u00fcr \u201eWie finanzieren wir gemeinsame WG-Eink\u00e4ufe fair, wenn alle unterschiedliche Bed\u00fcrfnisse haben?\"" ist zur H\u00e4lfte vorbei. Lege jetzt deine Unterst\u00fctzung fest!"", ""data"": {""url"": ""/questions/0w3z1e5u1y1d83t/proposals/question""}}",0w3z1e5u1y1d83t_Closing_phase_halfway,pending,2026-08-04 17:10:00.071Z,3928dc02b346700b
h9w8xvops8l55ag,2026-08-04 17:10:00.073Z,phase_halfway,"{""title"": ""Abschlussphase zur H\u00e4lfte \u23f0"", ""body"": ""Die Abschlussphase f\u00fcr \u201eWie finanzieren wir gemeinsame WG-Eink\u00e4ufe fair, wenn alle unterschiedliche Bed\u00fcrfnisse haben?\"" ist zur H\u00e4lfte vorbei. Lege jetzt deine Unterst\u00fctzung fest!"", ""data"": {""url"": ""/questions/0w3z1e5u1y1d83t/proposals/question""}}",0w3z1e5u1y1d83t_Closing_phase_halfway,actioned,2026-08-04 21:25:14.571Z,407be8b01d4ce342
qg3thnnftrb059j,2026-08-04 17:10:00.074Z,phase_halfway,"{""title"": ""Closing window half over \u23f0"", ""body"": ""The closing window for \""Wie finanzieren wir gemeinsame WG-Eink\u00e4ufe fair, wenn alle unterschiedliche Bed\u00fcrfnisse haben?\"" is half over. Finalize your support now!"", ""data"": {""url"": ""/questions/0w3z1e5u1y1d83t/proposals/question""}}",0w3z1e5u1y1d83t_Closing_phase_halfway,pending,2026-08-04 17:10:00.074Z,34063db6dedf42bc
3r6hbhegvq6gexp,2026-08-04 17:10:00.075Z,phase_halfway,"{""title"": ""Abschlussphase zur H\u00e4lfte \u23f0"", ""body"": ""Die Abschlussphase f\u00fcr \u201eWie finanzieren wir gemeinsame WG-Eink\u00e4ufe fair, wenn alle unterschiedliche Bed\u00fcrfnisse haben?\"" ist zur H\u00e4lfte vorbei. Lege jetzt deine Unterst\u00fctzung fest!"", ""data"": {""url"": ""/questions/0w3z1e5u1y1d83t/proposals/question""}}",0w3z1e5u1y1d83t_Closing_phase_halfway,pending,2026-08-04 17:10:00.075Z,b003312e6c38c8a5
9hst726gklu6t6e,2026-08-04 17:10:00.077Z,phase_halfway,"{""title"": ""Abschlussphase zur H\u00e4lfte \u23f0"", ""body"": ""Die Abschlussphase f\u00fcr \u201eWie finanzieren wir gemeinsame WG-Eink\u00e4ufe fair, wenn alle unterschiedliche Bed\u00fcrfnisse haben?\"" ist zur H\u00e4lfte vorbei. Lege jetzt deine Unterst\u00fctzung fest!"", ""data"": {""url"": ""/questions/0w3z1e5u1y1d83t/proposals/question""}}",0w3z1e5u1y1d83t_Closing_phase_halfway,pending,2026-08-04 17:10:00.077Z,563eab35510dcae3
zedd2rmajee4lpx,2026-08-04 17:10:00.078Z,phase_halfway,"{""title"": ""Abschlussphase zur H\u00e4lfte \u23f0"", ""body"": ""Die Abschlussphase f\u00fcr \u201eWie finanzieren wir gemeinsame WG-Eink\u00e4ufe fair, wenn alle unterschiedliche Bed\u00fcrfnisse haben?\"" ist zur H\u00e4lfte vorbei. Lege jetzt deine Unterst\u00fctzung fest!"", ""data"": {""url"": ""/questions/0w3z1e5u1y1d83t/proposals/question""}}",0w3z1e5u1y1d83t_Closing_phase_halfway,pending,2026-08-04 17:10:00.078Z,cc3304ea9b75a00f
f87d4ettmrr31yi,2026-08-04 17:10:00.079Z,phase_halfway,"{""title"": ""Closing window half over \u23f0"", ""body"": ""The closing window for \""Wie finanzieren wir gemeinsame WG-Eink\u00e4ufe fair, wenn alle unterschiedliche Bed\u00fcrfnisse haben?\"" is half over. Finalize your support now!"", ""data"": {""url"": ""/questions/0w3z1e5u1y1d83t/proposals/question""}}",0w3z1e5u1y1d83t_Closing_phase_halfway,pending,2026-08-04 17:10:00.079Z,adc82731fb3dc1de
75qup7mb7967aep,2026-08-05 11:10:00.012Z,phase_ending_soon,"{""title"": ""Schliesst in wenigen Stunden \u26a1"", ""body"": ""\u201eWie finanzieren wir gemeinsame WG-Eink\u00e4ufe fair, wenn alle unterschiedliche Bed\u00fcrfnisse haben?\"" schliesst bald. Stelle sicher, dass deine Unterst\u00fctzung steht!"", ""data"": {""url"": ""/questions/0w3z1e5u1y1d83t/proposals/question""}}",0w3z1e5u1y1d83t_Closing_phase_ending_soon,actioned,2026-08-06 13:06:15.105Z,de13859e1d6aea12
q30ro7sfkfqdgsi,2026-08-05 11:10:00.018Z,phase_ending_soon,"{""title"": ""Schliesst in wenigen Stunden \u26a1"", ""body"": ""\u201eWie finanzieren wir gemeinsame WG-Eink\u00e4ufe fair, wenn alle unterschiedliche Bed\u00fcrfnisse haben?\"" schliesst bald. Stelle sicher, dass deine Unterst\u00fctzung steht!"", ""data"": {""url"": ""/questions/0w3z1e5u1y1d83t/proposals/question""}}",0w3z1e5u1y1d83t_Closing_phase_ending_soon,pending,2026-08-05 11:10:00.018Z,2347e60c2ede6045
i0rg2bvw4k0h7vs,2026-08-05 11:10:00.020Z,phase_ending_soon,"{""title"": ""Schliesst in wenigen Stunden \u26a1"", ""body"": ""\u201eWie finanzieren wir gemeinsame WG-Eink\u00e4ufe fair, wenn alle unterschiedliche Bed\u00fcrfnisse haben?\"" schliesst bald. Stelle sicher, dass deine Unterst\u00fctzung steht!"", ""data"": {""url"": ""/questions/0w3z1e5u1y1d83t/proposals/question""}}",0w3z1e5u1y1d83t_Closing_phase_ending_soon,pending,2026-08-05 11:10:00.020Z,15e064539716cfbb
le5bnp6r8l4y9wn,2026-08-05 11:10:00.021Z,phase_ending_soon,"{""title"": ""Closing in a few hours \u26a1"", ""body"": ""\""Wie finanzieren wir gemeinsame WG-Eink\u00e4ufe fair, wenn alle unterschiedliche Bed\u00fcrfnisse haben?\"" closes soon. Make sure your support is set!"", ""data"": {""url"": ""/questions/0w3z1e5u1y1d83t/proposals/question""}}",0w3z1e5u1y1d83t_Closing_phase_ending_soon,pending,2026-08-05 11:10:00.021Z,3e36e627a64bac27
p3lk0qaqhnxx6k2,2026-08-05 11:10:00.022Z,phase_ending_soon,"{""title"": ""Schliesst in wenigen Stunden \u26a1"", ""body"": ""\u201eWie finanzieren wir gemeinsame WG-Eink\u00e4ufe fair, wenn alle unterschiedliche Bed\u00fcrfnisse haben?\"" schliesst bald. Stelle sicher, dass deine Unterst\u00fctzung steht!"", ""data"": {""url"": ""/questions/0w3z1e5u1y1d83t/proposals/question""}}",0w3z1e5u1y1d83t_Closing_phase_ending_soon,pending,2026-08-05 11:10:00.022Z,3928dc02b346700b
bg9n7cf9uc89bdx,2026-08-05 11:10:00.024Z,phase_ending_soon,"{""title"": ""Schliesst in wenigen Stunden \u26a1"", ""body"": ""\u201eWie finanzieren wir gemeinsame WG-Eink\u00e4ufe fair, wenn alle unterschiedliche Bed\u00fcrfnisse haben?\"" schliesst bald. Stelle sicher, dass deine Unterst\u00fctzung steht!"", ""data"": {""url"": ""/questions/0w3z1e5u1y1d83t/proposals/question""}}",0w3z1e5u1y1d83t_Closing_phase_ending_soon,actioned,2026-08-05 15:52:37.490Z,407be8b01d4ce342
gemxgkjwa06qyy9,2026-08-05 11:10:00.026Z,phase_ending_soon,"{""title"": ""Closing in a few hours \u26a1"", ""body"": ""\""Wie finanzieren wir gemeinsame WG-Eink\u00e4ufe fair, wenn alle unterschiedliche Bed\u00fcrfnisse haben?\"" closes soon. Make sure your support is set!"", ""data"": {""url"": ""/questions/0w3z1e5u1y1d83t/proposals/question""}}",0w3z1e5u1y1d83t_Closing_phase_ending_soon,pending,2026-08-05 11:10:00.026Z,34063db6dedf42bc
fwbg1v5ttn4xuwe,2026-08-05 11:10:00.027Z,phase_ending_soon,"{""title"": ""Schliesst in wenigen Stunden \u26a1"", ""body"": ""\u201eWie finanzieren wir gemeinsame WG-Eink\u00e4ufe fair, wenn alle unterschiedliche Bed\u00fcrfnisse haben?\"" schliesst bald. Stelle sicher, dass deine Unterst\u00fctzung steht!"", ""data"": {""url"": ""/questions/0w3z1e5u1y1d83t/proposals/question""}}",0w3z1e5u1y1d83t_Closing_phase_ending_soon,pending,2026-08-05 11:10:00.027Z,b003312e6c38c8a5
0bx5ctlhhnxlyds,2026-08-05 11:10:00.028Z,phase_ending_soon,"{""title"": ""Schliesst in wenigen Stunden \u26a1"", ""body"": ""\u201eWie finanzieren wir gemeinsame WG-Eink\u00e4ufe fair, wenn alle unterschiedliche Bed\u00fcrfnisse haben?\"" schliesst bald. Stelle sicher, dass deine Unterst\u00fctzung steht!"", ""data"": {""url"": ""/questions/0w3z1e5u1y1d83t/proposals/question""}}",0w3z1e5u1y1d83t_Closing_phase_ending_soon,pending,2026-08-05 11:10:00.028Z,563eab35510dcae3
tj7pq0mjh6pw2a9,2026-08-05 11:10:00.030Z,phase_ending_soon,"{""title"": ""Schliesst in wenigen Stunden \u26a1"", ""body"": ""\u201eWie finanzieren wir gemeinsame WG-Eink\u00e4ufe fair, wenn alle unterschiedliche Bed\u00fcrfnisse haben?\"" schliesst bald. Stelle sicher, dass deine Unterst\u00fctzung steht!"", ""data"": {""url"": ""/questions/0w3z1e5u1y1d83t/proposals/question""}}",0w3z1e5u1y1d83t_Closing_phase_ending_soon,pending,2026-08-05 11:10:00.030Z,cc3304ea9b75a00f
l85ej1yrxbwhwkk,2026-08-05 11:10:00.031Z,phase_ending_soon,"{""title"": ""Closing in a few hours \u26a1"", ""body"": ""\""Wie finanzieren wir gemeinsame WG-Eink\u00e4ufe fair, wenn alle unterschiedliche Bed\u00fcrfnisse haben?\"" closes soon. Make sure your support is set!"", ""data"": {""url"": ""/questions/0w3z1e5u1y1d83t/proposals/question""}}",0w3z1e5u1y1d83t_Closing_phase_ending_soon,pending,2026-08-05 11:10:00.031Z,adc82731fb3dc1de
8ybsx8ltco8f7xo,2026-08-05 17:09:00.013Z,ballot_entry,"{""title"": ""Auf der Abstimmungsliste! \ud83c\udfaf"", ""body"": ""Eine Idee, die du unterst\u00fctzt (\""Essen F\u00fcr alle\""), hat es auf die Abstimmungsliste geschafft."", ""data"": {""url"": ""/questions/0w3z1e5u1y1d83t/proposals/ppkkg16jlpylazv""}}",ppkkg16jlpylazv,actioned,2026-08-06 11:08:29.338Z,407be8b01d4ce342
za8qt72xrlr44su,2026-08-05 17:09:00.016Z,ballot_entry,"{""title"": ""Auf der Abstimmungsliste! \ud83c\udfaf"", ""body"": ""Eine Idee, die du unterst\u00fctzt (\""Essen F\u00fcr alle\""), hat es auf die Abstimmungsliste geschafft."", ""data"": {""url"": ""/questions/0w3z1e5u1y1d83t/proposals/ppkkg16jlpylazv""}}",ppkkg16jlpylazv,pending,2026-08-05 17:09:00.016Z,b003312e6c38c8a5
xi7mo6uafs1r3b0,2026-08-05 17:09:00.019Z,ballot_entry,"{""title"": ""Auf der Abstimmungsliste! \ud83c\udfaf"", ""body"": ""Eine Idee, die du unterst\u00fctzt (\""Liste erweitern\""), hat es auf die Abstimmungsliste geschafft."", ""data"": {""url"": ""/questions/0w3z1e5u1y1d83t/proposals/l5sqzdyfozw6267""}}",l5sqzdyfozw6267,pending,2026-08-05 17:09:00.019Z,15e064539716cfbb
m3x0qon6dma3ldi,2026-08-05 17:09:00.021Z,ballot_entry,"{""title"": ""Auf der Abstimmungsliste! \ud83c\udfaf"", ""body"": ""Eine Idee, die du unterst\u00fctzt (\""Liste erweitern\""), hat es auf die Abstimmungsliste geschafft."", ""data"": {""url"": ""/questions/0w3z1e5u1y1d83t/proposals/l5sqzdyfozw6267""}}",l5sqzdyfozw6267,actioned,2026-08-06 10:37:51.441Z,407be8b01d4ce342
jybylynr3vejbjm,2026-08-05 17:09:00.025Z,ballot_entry,"{""title"": ""Auf der Abstimmungsliste! \ud83c\udfaf"", ""body"": ""Eine Idee, die du unterst\u00fctzt (\""Liste erweitern\""), hat es auf die Abstimmungsliste geschafft."", ""data"": {""url"": ""/questions/0w3z1e5u1y1d83t/proposals/l5sqzdyfozw6267""}}",l5sqzdyfozw6267,pending,2026-08-05 17:09:00.025Z,cc3304ea9b75a00f
443m1pxhbsqpc0h,2026-08-05 17:09:00.027Z,ballot_entry,"{""title"": ""On the ballot! \ud83c\udfaf"", ""body"": ""An idea you support (\""Liste erweitern\"") made it to the ballot."", ""data"": {""url"": ""/questions/0w3z1e5u1y1d83t/proposals/l5sqzdyfozw6267""}}",l5sqzdyfozw6267,pending,2026-08-05 17:09:00.027Z,3e36e627a64bac27
t863c132p9cc263,2026-08-05 17:09:00.032Z,ballot_entry,"{""title"": ""Auf der Abstimmungsliste! \ud83c\udfaf"", ""body"": ""Eine Idee, die du unterst\u00fctzt (\""wir zahlen monatlich einen bestimmten Betrag in eine Kasse ein. mit diesem Geld werden kollektive Eink\u00e4ufe get\u00e4tigt.\""), hat es auf die Abstimmungsliste geschafft."", ""data"": {""url"": ""/questions/0w3z1e5u1y1d83t/proposals/spcuyp6qr3y1eq6""}}",spcuyp6qr3y1eq6,pending,2026-08-05 17:09:00.032Z,cc3304ea9b75a00f
3onh6zb5iw1jep8,2026-08-05 17:09:00.034Z,ballot_entry,"{""title"": ""Auf der Abstimmungsliste! \ud83c\udfaf"", ""body"": ""Eine Idee, die du unterst\u00fctzt (\""wir zahlen monatlich einen bestimmten Betrag in eine Kasse ein. mit diesem Geld werden kollektive Eink\u00e4ufe get\u00e4tigt.\""), hat es auf die Abstimmungsliste geschafft."", ""data"": {""url"": ""/questions/0w3z1e5u1y1d83t/proposals/spcuyp6qr3y1eq6""}}",spcuyp6qr3y1eq6,actioned,2026-08-06 10:58:17.013Z,407be8b01d4ce342
96401zhuq00gkno,2026-08-05 17:09:00.036Z,ballot_entry,"{""title"": ""On the ballot! \ud83c\udfaf"", ""body"": ""An idea you support (\""wir zahlen monatlich einen bestimmten Betrag in eine Kasse ein. mit diesem Geld werden kollektive Eink\u00e4ufe get\u00e4tigt.\"") made it to the ballot."", ""data"": {""url"": ""/questions/0w3z1e5u1y1d83t/proposals/spcuyp6qr3y1eq6""}}",spcuyp6qr3y1eq6,pending,2026-08-05 17:09:00.036Z,3e36e627a64bac27
kj77yf1dbdfb2w7,2026-08-05 17:09:00.038Z,ballot_entry,"{""title"": ""Auf der Abstimmungsliste! \ud83c\udfaf"", ""body"": ""Eine Idee, die du unterst\u00fctzt (\""wir zahlen monatlich einen bestimmten Betrag in eine Kasse ein. mit diesem Geld werden kollektive Eink\u00e4ufe get\u00e4tigt.\""), hat es auf die Abstimmungsliste geschafft."", ""data"": {""url"": ""/questions/0w3z1e5u1y1d83t/proposals/spcuyp6qr3y1eq6""}}",spcuyp6qr3y1eq6,pending,2026-08-05 17:09:00.038Z,b003312e6c38c8a5
m6kffu4qb6h4rzf,2026-08-05 17:09:00.040Z,ballot_entry,"{""title"": ""Auf der Abstimmungsliste! \ud83c\udfaf"", ""body"": ""Eine Idee, die du unterst\u00fctzt (\""Untergr\u00fcppchen\""), hat es auf die Abstimmungsliste geschafft."", ""data"": {""url"": ""/questions/0w3z1e5u1y1d83t/proposals/i6o7tfr2opn951e""}}",i6o7tfr2opn951e,pending,2026-08-05 17:09:00.040Z,cc3304ea9b75a00f
7c650ufff8mfe0n,2026-08-05 17:09:00.042Z,ballot_entry,"{""title"": ""Auf der Abstimmungsliste! \ud83c\udfaf"", ""body"": ""Eine Idee, die du unterst\u00fctzt (\""Untergr\u00fcppchen\""), hat es auf die Abstimmungsliste geschafft."", ""data"": {""url"": ""/questions/0w3z1e5u1y1d83t/proposals/i6o7tfr2opn951e""}}",i6o7tfr2opn951e,actioned,2026-08-06 10:32:53.734Z,407be8b01d4ce342
bxharrasilc8c3i,2026-08-05 17:09:00.044Z,ballot_entry,"{""title"": ""On the ballot! \ud83c\udfaf"", ""body"": ""An idea you support (\""Untergr\u00fcppchen\"") made it to the ballot."", ""data"": {""url"": ""/questions/0w3z1e5u1y1d83t/proposals/i6o7tfr2opn951e""}}",i6o7tfr2opn951e,pending,2026-08-05 17:09:00.044Z,3e36e627a64bac27
rk6tnoznbmg9l6g,2026-08-05 17:09:00.046Z,ballot_entry,"{""title"": ""On the ballot! \ud83c\udfaf"", ""body"": ""An idea you support (\""Lieferung und Untergruppe der Ern\u00e4hrungsweise.\"") made it to the ballot."", ""data"": {""url"": ""/questions/0w3z1e5u1y1d83t/proposals/n9fuozjh7xq5vuy""}}",n9fuozjh7xq5vuy,pending,2026-08-05 17:09:00.046Z,adc82731fb3dc1de
0optcw3mub1syz1,2026-08-05 17:09:00.048Z,ballot_entry,"{""title"": ""Auf der Abstimmungsliste! \ud83c\udfaf"", ""body"": ""Eine Idee, die du unterst\u00fctzt (\""Lieferung und Untergruppe der Ern\u00e4hrungsweise.\""), hat es auf die Abstimmungsliste geschafft."", ""data"": {""url"": ""/questions/0w3z1e5u1y1d83t/proposals/n9fuozjh7xq5vuy""}}",n9fuozjh7xq5vuy,actioned,2026-08-06 10:37:43.821Z,407be8b01d4ce342
5136lgcl5ggl1pv,2026-08-05 17:09:00.236Z,phase_change,"{""title"": ""Jetzt abstimmen \ud83d\uddf3\ufe0f"", ""body"": ""Gib deine finale Stimme f\u00fcr \""Wie finanzieren wir gemeinsame WG-Eink\u00e4ufe fair, wenn alle unterschiedliche Bed\u00fcrfnisse haben?\"" ab."", ""data"": {""url"": ""/questions/0w3z1e5u1y1d83t/proposals/question""}}",0w3z1e5u1y1d83t_Voting,actioned,2026-08-06 13:06:12.401Z,de13859e1d6aea12
p4s9wg8ldh16zke,2026-08-05 17:09:00.237Z,phase_change,"{""title"": ""Jetzt abstimmen \ud83d\uddf3\ufe0f"", ""body"": ""Gib deine finale Stimme f\u00fcr \""Wie finanzieren wir gemeinsame WG-Eink\u00e4ufe fair, wenn alle unterschiedliche Bed\u00fcrfnisse haben?\"" ab."", ""data"": {""url"": ""/questions/0w3z1e5u1y1d83t/proposals/question""}}",0w3z1e5u1y1d83t_Voting,pending,2026-08-05 17:09:00.237Z,2347e60c2ede6045
08cv7p54apxiybf,2026-08-05 17:09:00.238Z,phase_change,"{""title"": ""Jetzt abstimmen \ud83d\uddf3\ufe0f"", ""body"": ""Gib deine finale Stimme f\u00fcr \""Wie finanzieren wir gemeinsame WG-Eink\u00e4ufe fair, wenn alle unterschiedliche Bed\u00fcrfnisse haben?\"" ab."", ""data"": {""url"": ""/questions/0w3z1e5u1y1d83t/proposals/question""}}",0w3z1e5u1y1d83t_Voting,pending,2026-08-05 17:09:00.238Z,15e064539716cfbb
glrmdcsrc07k6g9,2026-08-05 17:09:00.239Z,phase_change,"{""title"": ""Vote now \ud83d\uddf3\ufe0f"", ""body"": ""Cast your final vote on \""Wie finanzieren wir gemeinsame WG-Eink\u00e4ufe fair, wenn alle unterschiedliche Bed\u00fcrfnisse haben?\""."", ""data"": {""url"": ""/questions/0w3z1e5u1y1d83t/proposals/question""}}",0w3z1e5u1y1d83t_Voting,pending,2026-08-05 17:09:00.239Z,3e36e627a64bac27
xy6mg7ejci9z2ti,2026-08-05 17:09:00.248Z,phase_change,"{""title"": ""Jetzt abstimmen \ud83d\uddf3\ufe0f"", ""body"": ""Gib deine finale Stimme f\u00fcr \""Wie finanzieren wir gemeinsame WG-Eink\u00e4ufe fair, wenn alle unterschiedliche Bed\u00fcrfnisse haben?\"" ab."", ""data"": {""url"": ""/questions/0w3z1e5u1y1d83t/proposals/question""}}",0w3z1e5u1y1d83t_Voting,pending,2026-08-05 17:09:00.248Z,3928dc02b346700b
z69d0uah4blzuq6,2026-08-05 17:09:00.250Z,phase_change,"{""title"": ""Jetzt abstimmen \ud83d\uddf3\ufe0f"", ""body"": ""Gib deine finale Stimme f\u00fcr \""Wie finanzieren wir gemeinsame WG-Eink\u00e4ufe fair, wenn alle unterschiedliche Bed\u00fcrfnisse haben?\"" ab."", ""data"": {""url"": ""/questions/0w3z1e5u1y1d83t/proposals/question""}}",0w3z1e5u1y1d83t_Voting,actioned,2026-08-06 10:15:27.013Z,407be8b01d4ce342
ofvrtktyoir9qzh,2026-08-05 17:09:00.251Z,phase_change,"{""title"": ""Vote now \ud83d\uddf3\ufe0f"", ""body"": ""Cast your final vote on \""Wie finanzieren wir gemeinsame WG-Eink\u00e4ufe fair, wenn alle unterschiedliche Bed\u00fcrfnisse haben?\""."", ""data"": {""url"": ""/questions/0w3z1e5u1y1d83t/proposals/question""}}",0w3z1e5u1y1d83t_Voting,pending,2026-08-05 17:09:00.251Z,34063db6dedf42bc
jx3k4ej2at3rxu5,2026-08-05 17:09:00.252Z,phase_change,"{""title"": ""Jetzt abstimmen \ud83d\uddf3\ufe0f"", ""body"": ""Gib deine finale Stimme f\u00fcr \""Wie finanzieren wir gemeinsame WG-Eink\u00e4ufe fair, wenn alle unterschiedliche Bed\u00fcrfnisse haben?\"" ab."", ""data"": {""url"": ""/questions/0w3z1e5u1y1d83t/proposals/question""}}",0w3z1e5u1y1d83t_Voting,pending,2026-08-05 17:09:00.252Z,b003312e6c38c8a5
7v8tdhcjnvh9ajf,2026-08-05 17:09:00.253Z,phase_change,"{""title"": ""Jetzt abstimmen \ud83d\uddf3\ufe0f"", ""body"": ""Gib deine finale Stimme f\u00fcr \""Wie finanzieren wir gemeinsame WG-Eink\u00e4ufe fair, wenn alle unterschiedliche Bed\u00fcrfnisse haben?\"" ab."", ""data"": {""url"": ""/questions/0w3z1e5u1y1d83t/proposals/question""}}",0w3z1e5u1y1d83t_Voting,pending,2026-08-05 17:09:00.253Z,563eab35510dcae3
7gqg1wpt6wq6djn,2026-08-05 17:09:00.254Z,phase_change,"{""title"": ""Jetzt abstimmen \ud83d\uddf3\ufe0f"", ""body"": ""Gib deine finale Stimme f\u00fcr \""Wie finanzieren wir gemeinsame WG-Eink\u00e4ufe fair, wenn alle unterschiedliche Bed\u00fcrfnisse haben?\"" ab."", ""data"": {""url"": ""/questions/0w3z1e5u1y1d83t/proposals/question""}}",0w3z1e5u1y1d83t_Voting,pending,2026-08-05 17:09:00.254Z,cc3304ea9b75a00f
46zom9w193msnw3,2026-08-05 17:09:00.255Z,phase_change,"{""title"": ""Vote now \ud83d\uddf3\ufe0f"", ""body"": ""Cast your final vote on \""Wie finanzieren wir gemeinsame WG-Eink\u00e4ufe fair, wenn alle unterschiedliche Bed\u00fcrfnisse haben?\""."", ""data"": {""url"": ""/questions/0w3z1e5u1y1d83t/proposals/question""}}",0w3z1e5u1y1d83t_Voting,pending,2026-08-05 17:09:00.255Z,adc82731fb3dc1de
n7movedfhxth0ab,2026-08-07 05:10:00.078Z,phase_halfway,"{""title"": ""Abstimmung zur H\u00e4lfte \ud83d\uddf3\ufe0f"", ""body"": ""Die Abstimmung \u00fcber \u201eWie finanzieren wir gemeinsame WG-Eink\u00e4ufe fair, wenn alle unterschiedliche Bed\u00fcrfnisse haben?\"" ist zur H\u00e4lfte vorbei. Gib deine Stimme ab!"", ""data"": {""url"": ""/questions/0w3z1e5u1y1d83t/proposals/question""}}",0w3z1e5u1y1d83t_Voting_phase_halfway,actioned,2026-08-09 09:20:18.099Z,de13859e1d6aea12
a3zre0c0axfbfbt,2026-08-07 05:10:00.084Z,phase_halfway,"{""title"": ""Abstimmung zur H\u00e4lfte \ud83d\uddf3\ufe0f"", ""body"": ""Die Abstimmung \u00fcber \u201eWie finanzieren wir gemeinsame WG-Eink\u00e4ufe fair, wenn alle unterschiedliche Bed\u00fcrfnisse haben?\"" ist zur H\u00e4lfte vorbei. Gib deine Stimme ab!"", ""data"": {""url"": ""/questions/0w3z1e5u1y1d83t/proposals/question""}}",0w3z1e5u1y1d83t_Voting_phase_halfway,pending,2026-08-07 05:10:00.084Z,2347e60c2ede6045
iwdo2r4s6d3v49c,2026-08-07 05:10:00.086Z,phase_halfway,"{""title"": ""Abstimmung zur H\u00e4lfte \ud83d\uddf3\ufe0f"", ""body"": ""Die Abstimmung \u00fcber \u201eWie finanzieren wir gemeinsame WG-Eink\u00e4ufe fair, wenn alle unterschiedliche Bed\u00fcrfnisse haben?\"" ist zur H\u00e4lfte vorbei. Gib deine Stimme ab!"", ""data"": {""url"": ""/questions/0w3z1e5u1y1d83t/proposals/question""}}",0w3z1e5u1y1d83t_Voting_phase_halfway,pending,2026-08-07 05:10:00.086Z,15e064539716cfbb
34u9tj1dvllv3fg,2026-08-07 05:10:00.088Z,phase_halfway,"{""title"": ""Voting halfway done \ud83d\uddf3\ufe0f"", ""body"": ""Voting on \""Wie finanzieren wir gemeinsame WG-Eink\u00e4ufe fair, wenn alle unterschiedliche Bed\u00fcrfnisse haben?\"" is halfway done. Cast your ballot if you haven't yet!"", ""data"": {""url"": ""/questions/0w3z1e5u1y1d83t/proposals/question""}}",0w3z1e5u1y1d83t_Voting_phase_halfway,pending,2026-08-07 05:10:00.088Z,3e36e627a64bac27
h4m1u1l33iegs7r,2026-08-07 05:10:00.090Z,phase_halfway,"{""title"": ""Abstimmung zur H\u00e4lfte \ud83d\uddf3\ufe0f"", ""body"": ""Die Abstimmung \u00fcber \u201eWie finanzieren wir gemeinsame WG-Eink\u00e4ufe fair, wenn alle unterschiedliche Bed\u00fcrfnisse haben?\"" ist zur H\u00e4lfte vorbei. Gib deine Stimme ab!"", ""data"": {""url"": ""/questions/0w3z1e5u1y1d83t/proposals/question""}}",0w3z1e5u1y1d83t_Voting_phase_halfway,pending,2026-08-07 05:10:00.090Z,3928dc02b346700b
88qgc6dr7epx5yh,2026-08-07 05:10:00.092Z,phase_halfway,"{""title"": ""Abstimmung zur H\u00e4lfte \ud83d\uddf3\ufe0f"", ""body"": ""Die Abstimmung \u00fcber \u201eWie finanzieren wir gemeinsame WG-Eink\u00e4ufe fair, wenn alle unterschiedliche Bed\u00fcrfnisse haben?\"" ist zur H\u00e4lfte vorbei. Gib deine Stimme ab!"", ""data"": {""url"": ""/questions/0w3z1e5u1y1d83t/proposals/question""}}",0w3z1e5u1y1d83t_Voting_phase_halfway,actioned,2026-08-07 07:49:55.032Z,407be8b01d4ce342
vhnfqlgih2a8ya5,2026-08-07 05:10:00.094Z,phase_halfway,"{""title"": ""Voting halfway done \ud83d\uddf3\ufe0f"", ""body"": ""Voting on \""Wie finanzieren wir gemeinsame WG-Eink\u00e4ufe fair, wenn alle unterschiedliche Bed\u00fcrfnisse haben?\"" is halfway done. Cast your ballot if you haven't yet!"", ""data"": {""url"": ""/questions/0w3z1e5u1y1d83t/proposals/question""}}",0w3z1e5u1y1d83t_Voting_phase_halfway,pending,2026-08-07 05:10:00.094Z,34063db6dedf42bc
x6mos7hdecgeera,2026-08-07 05:10:00.096Z,phase_halfway,"{""title"": ""Abstimmung zur H\u00e4lfte \ud83d\uddf3\ufe0f"", ""body"": ""Die Abstimmung \u00fcber \u201eWie finanzieren wir gemeinsame WG-Eink\u00e4ufe fair, wenn alle unterschiedliche Bed\u00fcrfnisse haben?\"" ist zur H\u00e4lfte vorbei. Gib deine Stimme ab!"", ""data"": {""url"": ""/questions/0w3z1e5u1y1d83t/proposals/question""}}",0w3z1e5u1y1d83t_Voting_phase_halfway,pending,2026-08-07 05:10:00.096Z,b003312e6c38c8a5
q2hfpzvyd6kgagn,2026-08-07 05:10:00.098Z,phase_halfway,"{""title"": ""Abstimmung zur H\u00e4lfte \ud83d\uddf3\ufe0f"", ""body"": ""Die Abstimmung \u00fcber \u201eWie finanzieren wir gemeinsame WG-Eink\u00e4ufe fair, wenn alle unterschiedliche Bed\u00fcrfnisse haben?\"" ist zur H\u00e4lfte vorbei. Gib deine Stimme ab!"", ""data"": {""url"": ""/questions/0w3z1e5u1y1d83t/proposals/question""}}",0w3z1e5u1y1d83t_Voting_phase_halfway,pending,2026-08-07 05:10:00.098Z,563eab35510dcae3
hi8qgq9p00c0bi8,2026-08-07 05:10:00.100Z,phase_halfway,"{""title"": ""Abstimmung zur H\u00e4lfte \ud83d\uddf3\ufe0f"", ""body"": ""Die Abstimmung \u00fcber \u201eWie finanzieren wir gemeinsame WG-Eink\u00e4ufe fair, wenn alle unterschiedliche Bed\u00fcrfnisse haben?\"" ist zur H\u00e4lfte vorbei. Gib deine Stimme ab!"", ""data"": {""url"": ""/questions/0w3z1e5u1y1d83t/proposals/question""}}",0w3z1e5u1y1d83t_Voting_phase_halfway,pending,2026-08-07 05:10:00.100Z,cc3304ea9b75a00f
324jfp1wg2ttagj,2026-08-07 05:10:00.102Z,phase_halfway,"{""title"": ""Voting halfway done \ud83d\uddf3\ufe0f"", ""body"": ""Voting on \""Wie finanzieren wir gemeinsame WG-Eink\u00e4ufe fair, wenn alle unterschiedliche Bed\u00fcrfnisse haben?\"" is halfway done. Cast your ballot if you haven't yet!"", ""data"": {""url"": ""/questions/0w3z1e5u1y1d83t/proposals/question""}}",0w3z1e5u1y1d83t_Voting_phase_halfway,pending,2026-08-07 05:10:00.102Z,adc82731fb3dc1de
n830eeea1aklnxd,2026-08-08 05:10:00.015Z,phase_ending_soon,"{""title"": ""Letzte Chance zur Abstimmung! \ud83c\udfc1"", ""body"": ""Die Abstimmung zu \u201eWie finanzieren wir gemeinsame WG-Eink\u00e4ufe fair, wenn alle unterschiedliche Bed\u00fcrfnisse haben?\"" endet bald. Verpasse nicht deine Chance mitzuentscheiden!"", ""data"": {""url"": ""/questions/0w3z1e5u1y1d83t/proposals/question""}}",0w3z1e5u1y1d83t_Voting_phase_ending_soon,actioned,2026-08-09 09:25:16.902Z,de13859e1d6aea12
f2a5ir9jjuqyp9x,2026-08-08 05:10:00.020Z,phase_ending_soon,"{""title"": ""Letzte Chance zur Abstimmung! \ud83c\udfc1"", ""body"": ""Die Abstimmung zu \u201eWie finanzieren wir gemeinsame WG-Eink\u00e4ufe fair, wenn alle unterschiedliche Bed\u00fcrfnisse haben?\"" endet bald. Verpasse nicht deine Chance mitzuentscheiden!"", ""data"": {""url"": ""/questions/0w3z1e5u1y1d83t/proposals/question""}}",0w3z1e5u1y1d83t_Voting_phase_ending_soon,pending,2026-08-08 05:10:00.020Z,2347e60c2ede6045
mio4udggv5amcw5,2026-08-08 05:10:00.022Z,phase_ending_soon,"{""title"": ""Letzte Chance zur Abstimmung! \ud83c\udfc1"", ""body"": ""Die Abstimmung zu \u201eWie finanzieren wir gemeinsame WG-Eink\u00e4ufe fair, wenn alle unterschiedliche Bed\u00fcrfnisse haben?\"" endet bald. Verpasse nicht deine Chance mitzuentscheiden!"", ""data"": {""url"": ""/questions/0w3z1e5u1y1d83t/proposals/question""}}",0w3z1e5u1y1d83t_Voting_phase_ending_soon,pending,2026-08-08 05:10:00.022Z,15e064539716cfbb
8novmrs42bzmbvb,2026-08-08 05:10:00.023Z,phase_ending_soon,"{""title"": ""Last chance to vote! \ud83c\udfc1"", ""body"": ""Voting on \""Wie finanzieren wir gemeinsame WG-Eink\u00e4ufe fair, wenn alle unterschiedliche Bed\u00fcrfnisse haben?\"" ends soon. Don't miss your chance to decide!"", ""data"": {""url"": ""/questions/0w3z1e5u1y1d83t/proposals/question""}}",0w3z1e5u1y1d83t_Voting_phase_ending_soon,pending,2026-08-08 05:10:00.023Z,3e36e627a64bac27
rzpt5b4dhv8287u,2026-08-08 05:10:00.026Z,phase_ending_soon,"{""title"": ""Letzte Chance zur Abstimmung! \ud83c\udfc1"", ""body"": ""Die Abstimmung zu \u201eWie finanzieren wir gemeinsame WG-Eink\u00e4ufe fair, wenn alle unterschiedliche Bed\u00fcrfnisse haben?\"" endet bald. Verpasse nicht deine Chance mitzuentscheiden!"", ""data"": {""url"": ""/questions/0w3z1e5u1y1d83t/proposals/question""}}",0w3z1e5u1y1d83t_Voting_phase_ending_soon,pending,2026-08-08 05:10:00.026Z,3928dc02b346700b
bbfs2dn8gsrpkme,2026-08-08 05:10:00.028Z,phase_ending_soon,"{""title"": ""Letzte Chance zur Abstimmung! \ud83c\udfc1"", ""body"": ""Die Abstimmung zu \u201eWie finanzieren wir gemeinsame WG-Eink\u00e4ufe fair, wenn alle unterschiedliche Bed\u00fcrfnisse haben?\"" endet bald. Verpasse nicht deine Chance mitzuentscheiden!"", ""data"": {""url"": ""/questions/0w3z1e5u1y1d83t/proposals/question""}}",0w3z1e5u1y1d83t_Voting_phase_ending_soon,actioned,2026-08-08 09:33:18.208Z,407be8b01d4ce342
rr9u5ynaxtfxdcy,2026-08-08 05:10:00.030Z,phase_ending_soon,"{""title"": ""Last chance to vote! \ud83c\udfc1"", ""body"": ""Voting on \""Wie finanzieren wir gemeinsame WG-Eink\u00e4ufe fair, wenn alle unterschiedliche Bed\u00fcrfnisse haben?\"" ends soon. Don't miss your chance to decide!"", ""data"": {""url"": ""/questions/0w3z1e5u1y1d83t/proposals/question""}}",0w3z1e5u1y1d83t_Voting_phase_ending_soon,pending,2026-08-08 05:10:00.030Z,34063db6dedf42bc
fcam6kncic2qa77,2026-08-08 05:10:00.034Z,phase_ending_soon,"{""title"": ""Letzte Chance zur Abstimmung! \ud83c\udfc1"", ""body"": ""Die Abstimmung zu \u201eWie finanzieren wir gemeinsame WG-Eink\u00e4ufe fair, wenn alle unterschiedliche Bed\u00fcrfnisse haben?\"" endet bald. Verpasse nicht deine Chance mitzuentscheiden!"", ""data"": {""url"": ""/questions/0w3z1e5u1y1d83t/proposals/question""}}",0w3z1e5u1y1d83t_Voting_phase_ending_soon,pending,2026-08-08 05:10:00.034Z,b003312e6c38c8a5
uxds4jqiymqca9l,2026-08-08 05:10:00.035Z,phase_ending_soon,"{""title"": ""Letzte Chance zur Abstimmung! \ud83c\udfc1"", ""body"": ""Die Abstimmung zu \u201eWie finanzieren wir gemeinsame WG-Eink\u00e4ufe fair, wenn alle unterschiedliche Bed\u00fcrfnisse haben?\"" endet bald. Verpasse nicht deine Chance mitzuentscheiden!"", ""data"": {""url"": ""/questions/0w3z1e5u1y1d83t/proposals/question""}}",0w3z1e5u1y1d83t_Voting_phase_ending_soon,pending,2026-08-08 05:10:00.035Z,563eab35510dcae3
gwrecr1s0fhlelg,2026-08-08 05:10:00.037Z,phase_ending_soon,"{""title"": ""Letzte Chance zur Abstimmung! \ud83c\udfc1"", ""body"": ""Die Abstimmung zu \u201eWie finanzieren wir gemeinsame WG-Eink\u00e4ufe fair, wenn alle unterschiedliche Bed\u00fcrfnisse haben?\"" endet bald. Verpasse nicht deine Chance mitzuentscheiden!"", ""data"": {""url"": ""/questions/0w3z1e5u1y1d83t/proposals/question""}}",0w3z1e5u1y1d83t_Voting_phase_ending_soon,pending,2026-08-08 05:10:00.037Z,cc3304ea9b75a00f
2uca4kucb4vtb9t,2026-08-08 05:10:00.039Z,phase_ending_soon,"{""title"": ""Last chance to vote! \ud83c\udfc1"", ""body"": ""Voting on \""Wie finanzieren wir gemeinsame WG-Eink\u00e4ufe fair, wenn alle unterschiedliche Bed\u00fcrfnisse haben?\"" ends soon. Don't miss your chance to decide!"", ""data"": {""url"": ""/questions/0w3z1e5u1y1d83t/proposals/question""}}",0w3z1e5u1y1d83t_Voting_phase_ending_soon,pending,2026-08-08 05:10:00.039Z,adc82731fb3dc1de
