id,first_viewed,last_viewed,proposal,question,user,view_count
ibebd31ejt9pswu,2026-07-06 12:41:51.877Z,2026-07-06 12:41:51.877Z,r1b7ompt9b76grh,fipe1arpisjzor5,4c86ed884e17d0af,1
6gk5nf9w7ehhx3f,2026-07-06 12:44:22.030Z,2026-07-06 12:46:46.944Z,18ln9fuzhusm5jx,kppusrz7tvrdl1u,4c86ed884e17d0af,4
izkc4mh9z3ln0o9,2026-07-06 12:44:49.908Z,2026-07-06 12:45:29.049Z,r1b7ompt9b76grh,fipe1arpisjzor5,8e4a80df3812470f,2
cj7igb6mmyp6i29,2026-07-06 12:46:39.083Z,2026-07-06 12:46:39.083Z,5wh4mpsd8yz0n8g,kppusrz7tvrdl1u,bc56f126724fbb5b,1
ippdngjqo5davwj,2026-07-06 12:46:41.401Z,2026-07-06 12:46:41.401Z,gx253xbn4mcfyzu,kppusrz7tvrdl1u,4c86ed884e17d0af,1
3mo78l7eu1pb16e,2026-07-06 12:47:34.977Z,2026-07-13 13:20:36.189Z,xwnr10w9hva55qy,fipe1arpisjzor5,8e4a80df3812470f,5
eu3u2gi5wixcmwk,2026-07-06 12:47:38.391Z,2026-07-06 12:47:38.391Z,cnla3q3vkdwsvs8,kppusrz7tvrdl1u,4c86ed884e17d0af,1
xkidr2z2twvcop6,2026-07-06 12:47:57.748Z,2026-07-06 12:56:06.308Z,18ln9fuzhusm5jx,kppusrz7tvrdl1u,bc56f126724fbb5b,4
urorgtwzats35dx,2026-07-06 12:48:18.433Z,2026-07-06 12:48:18.433Z,wd2kaskq51zmpto,0kueh5y5qyvwbsw,5e73badbe38abb33,1
4shpy93qvu154pa,2026-07-06 12:48:21.890Z,2026-07-06 13:03:38.227Z,gx253xbn4mcfyzu,kppusrz7tvrdl1u,8e4a80df3812470f,9
khy90eokavbmhy2,2026-07-06 12:48:36.632Z,2026-07-06 13:01:01.207Z,5wh4mpsd8yz0n8g,kppusrz7tvrdl1u,4c86ed884e17d0af,5
yca3f5kcnr9lajh,2026-07-06 12:48:37.623Z,2026-07-06 12:56:14.099Z,18ln9fuzhusm5jx,kppusrz7tvrdl1u,8e4a80df3812470f,5
qvgxf4361tdpnq1,2026-07-06 12:48:51.991Z,2026-07-09 14:12:22.184Z,gx253xbn4mcfyzu,kppusrz7tvrdl1u,de13859e1d6aea12,3
jlkldddjxt6583x,2026-07-06 12:51:25.891Z,2026-07-06 12:51:25.891Z,9831fmu4i76891c,kppusrz7tvrdl1u,4c86ed884e17d0af,1
ym1fohen5h4h85o,2026-07-06 12:52:51.894Z,2026-07-06 12:52:51.894Z,t1afdsktvoxdnfb,kppusrz7tvrdl1u,5e73badbe38abb33,1
wvsiz16h3tk9pq7,2026-07-06 12:53:21.250Z,2026-07-10 07:03:30.973Z,uce5yuhwjhn9osm,fipe1arpisjzor5,bc56f126724fbb5b,2
t3onit99rteyfk5,2026-07-06 12:53:37.487Z,2026-07-06 12:57:49.837Z,xwnr10w9hva55qy,fipe1arpisjzor5,4c86ed884e17d0af,6
cxvwdcaqo2rrq01,2026-07-06 12:53:54.658Z,2026-07-06 12:53:54.658Z,xwnr10w9hva55qy,fipe1arpisjzor5,bc56f126724fbb5b,1
vw1zkf7ss83ztih,2026-07-06 12:55:03.861Z,2026-07-06 13:06:42.032Z,cnla3q3vkdwsvs8,kppusrz7tvrdl1u,bc56f126724fbb5b,3
22kf0br2xe6v0sn,2026-07-06 12:55:13.690Z,2026-07-06 12:55:13.690Z,agm69t6yeu7yw5u,fipe1arpisjzor5,4c86ed884e17d0af,1
szz5394j99iqnof,2026-07-06 12:55:25.348Z,2026-07-06 13:12:05.874Z,r1b7ompt9b76grh,fipe1arpisjzor5,5e73badbe38abb33,4
r3geh2217d3523n,2026-07-06 12:56:53.236Z,2026-07-06 13:11:46.717Z,fw9ektyjhiiy0m7,fipe1arpisjzor5,5e73badbe38abb33,2
8e0g45naiwc05yg,2026-07-06 12:57:28.355Z,2026-07-06 13:07:31.639Z,5wd9w4rfepuhrfj,kppusrz7tvrdl1u,8e4a80df3812470f,3
zx2vsbo9vwsv9y0,2026-07-06 12:57:38.160Z,2026-07-06 12:57:51.651Z,wd2kaskq51zmpto,0kueh5y5qyvwbsw,bc56f126724fbb5b,2
bungbrhhdct260a,2026-07-06 12:59:10.227Z,2026-07-09 11:49:40.091Z,spffen97k7ns0ku,0kueh5y5qyvwbsw,bc56f126724fbb5b,2
utqt1n9mdd86mfo,2026-07-06 12:59:29.370Z,2026-07-06 13:00:23.746Z,t1afdsktvoxdnfb,kppusrz7tvrdl1u,4c86ed884e17d0af,2
3amblnz4lce1eyj,2026-07-06 12:59:52.917Z,2026-07-13 13:00:39.919Z,r1b7ompt9b76grh,fipe1arpisjzor5,bc56f126724fbb5b,4
e2txt1m2cb5o00c,2026-07-06 13:01:44.989Z,2026-07-13 07:55:46.657Z,9831fmu4i76891c,kppusrz7tvrdl1u,bc56f126724fbb5b,2
hvsyv3mruyjz691,2026-07-06 13:02:31.787Z,2026-07-06 13:02:31.787Z,i9gomw5ltfz18ey,0kueh5y5qyvwbsw,5e73badbe38abb33,1
g1zusvsaisbklqy,2026-07-06 13:06:18.748Z,2026-07-06 13:06:18.748Z,ag5sv0ccn95l28j,kppusrz7tvrdl1u,bc56f126724fbb5b,1
ac4w9663fkq2k91,2026-07-06 13:11:58.464Z,2026-07-06 13:11:58.464Z,uce5yuhwjhn9osm,fipe1arpisjzor5,5e73badbe38abb33,1
7j291fb83xwu43c,2026-07-06 13:14:17.561Z,2026-07-06 13:14:17.561Z,txzw6b8rlgu20pc,fipe1arpisjzor5,bc56f126724fbb5b,1
lfdjfkxqtmkqjmw,2026-07-08 08:53:54.148Z,2026-07-08 08:53:54.148Z,yfd2x34mjh39c2h,0kueh5y5qyvwbsw,8e4a80df3812470f,1
sheg55pmy10wbfh,2026-07-08 17:24:13.976Z,2026-07-08 17:27:34.143Z,yfd2x34mjh39c2h,0kueh5y5qyvwbsw,0975d6bbf2b53d26,2
y84ml636f14vxb4,2026-07-08 17:27:02.959Z,2026-07-08 17:27:02.959Z,g4okbm833u2s7p3,0kueh5y5qyvwbsw,0975d6bbf2b53d26,1
bfk6jc7ffhytmcp,2026-07-08 17:28:31.908Z,2026-07-08 17:28:31.908Z,wd2kaskq51zmpto,0kueh5y5qyvwbsw,0975d6bbf2b53d26,1
q89zxhmqpbmcggd,2026-07-08 17:29:32.312Z,2026-07-08 17:29:32.312Z,spffen97k7ns0ku,0kueh5y5qyvwbsw,0975d6bbf2b53d26,1
bhe3ukol846fvu6,2026-07-08 17:31:08.114Z,2026-07-08 17:31:08.114Z,b9r2nj74wa5tpux,0kueh5y5qyvwbsw,0975d6bbf2b53d26,1
nsmejmrfim927hf,2026-07-08 17:32:18.460Z,2026-07-08 17:32:18.460Z,i9gomw5ltfz18ey,0kueh5y5qyvwbsw,0975d6bbf2b53d26,1
8bk3symblakjteg,2026-07-08 17:34:57.047Z,2026-07-08 17:34:57.047Z,r3u9fuuk5jkap90,0kueh5y5qyvwbsw,0975d6bbf2b53d26,1
iz6zw2p10v35me5,2026-07-08 17:39:31.572Z,2026-07-16 11:27:25.479Z,oufg6lngsdal44q,0kueh5y5qyvwbsw,0975d6bbf2b53d26,3
na560bn76mo19rx,2026-07-08 17:49:47.355Z,2026-07-16 11:25:11.042Z,iy38izhecpibmie,kppusrz7tvrdl1u,0975d6bbf2b53d26,2
w9z6gqz1ak3y5sp,2026-07-09 05:35:19.792Z,2026-07-09 05:35:19.792Z,g4okbm833u2s7p3,0kueh5y5qyvwbsw,de13859e1d6aea12,1
0irjsm8tc6imoay,2026-07-09 11:06:59.029Z,2026-07-09 11:06:59.029Z,oufg6lngsdal44q,0kueh5y5qyvwbsw,2ca359773483ca75,1
1sshlkcksqzigtt,2026-07-09 11:07:18.325Z,2026-07-10 11:35:13.233Z,i9gomw5ltfz18ey,0kueh5y5qyvwbsw,2ca359773483ca75,8
j53f1nc3wmvcu67,2026-07-09 11:07:24.598Z,2026-07-15 16:17:40.638Z,r3u9fuuk5jkap90,0kueh5y5qyvwbsw,2ca359773483ca75,6
re2qnm8uaoj9pxh,2026-07-09 11:08:36.947Z,2026-07-09 11:08:36.947Z,yfd2x34mjh39c2h,0kueh5y5qyvwbsw,2ca359773483ca75,1
jmnt11fcfsc8f51,2026-07-09 11:08:38.336Z,2026-07-09 11:08:38.336Z,g4okbm833u2s7p3,0kueh5y5qyvwbsw,2ca359773483ca75,1
9yzasbwvv1buek3,2026-07-09 11:11:19.850Z,2026-07-09 11:12:39.594Z,spffen97k7ns0ku,0kueh5y5qyvwbsw,2ca359773483ca75,3
uvzqoswpw0nujfh,2026-07-09 11:11:38.587Z,2026-07-09 11:12:51.695Z,b9r2nj74wa5tpux,0kueh5y5qyvwbsw,2ca359773483ca75,3
x2m1fpk2g6r3l3m,2026-07-09 11:13:24.073Z,2026-07-10 11:30:31.378Z,5wd9w4rfepuhrfj,kppusrz7tvrdl1u,2ca359773483ca75,4
xm3dijkqjq2qii7,2026-07-09 11:13:58.938Z,2026-07-09 11:13:58.938Z,pmhaqr83fuaiv2u,kppusrz7tvrdl1u,2ca359773483ca75,1
49dkhftohtndmph,2026-07-09 11:49:01.481Z,2026-07-09 11:49:45.652Z,g4okbm833u2s7p3,0kueh5y5qyvwbsw,bc56f126724fbb5b,2
g2b2cr5fx20y09a,2026-07-09 11:49:26.307Z,2026-07-09 11:49:26.307Z,b9r2nj74wa5tpux,0kueh5y5qyvwbsw,bc56f126724fbb5b,1
2ofowrm48fkimv7,2026-07-09 11:49:57.171Z,2026-07-09 11:49:57.171Z,r3u9fuuk5jkap90,0kueh5y5qyvwbsw,bc56f126724fbb5b,1
55w02h6myj06f6a,2026-07-09 11:50:14.459Z,2026-07-09 11:50:14.459Z,oufg6lngsdal44q,0kueh5y5qyvwbsw,bc56f126724fbb5b,1
rylww8y36thbdw1,2026-07-09 13:34:42.806Z,2026-07-28 10:29:17.319Z,xwnr10w9hva55qy,fipe1arpisjzor5,de13859e1d6aea12,10
jvzp7ze88g7zl4l,2026-07-09 13:35:16.161Z,2026-07-28 10:31:12.854Z,ky8ujsvwtkj6zix,fipe1arpisjzor5,de13859e1d6aea12,5
i2zku9ypm4nkcsb,2026-07-09 14:12:05.789Z,2026-07-09 16:17:09.313Z,5wd9w4rfepuhrfj,kppusrz7tvrdl1u,de13859e1d6aea12,3
sdg8udrqof20iw9,2026-07-09 14:12:56.018Z,2026-07-09 14:12:56.018Z,pmhaqr83fuaiv2u,kppusrz7tvrdl1u,de13859e1d6aea12,1
3rl6b7ctftfyyos,2026-07-09 16:17:08.003Z,2026-07-09 16:17:08.003Z,18ln9fuzhusm5jx,kppusrz7tvrdl1u,de13859e1d6aea12,1
7ay9zyb6gxumgpm,2026-07-10 11:25:15.409Z,2026-07-10 11:28:12.766Z,ky8ujsvwtkj6zix,fipe1arpisjzor5,2ca359773483ca75,2
46h2xqsv1ok2z4k,2026-07-10 11:27:48.677Z,2026-07-10 11:28:30.307Z,tab6wja68t8mppz,fipe1arpisjzor5,2ca359773483ca75,3
2427sxolog0ig8v,2026-07-10 11:27:56.877Z,2026-07-10 11:28:17.093Z,agm69t6yeu7yw5u,fipe1arpisjzor5,2ca359773483ca75,2
un797hsm7vzj9ap,2026-07-10 11:30:20.176Z,2026-07-10 11:30:30.783Z,18ln9fuzhusm5jx,kppusrz7tvrdl1u,2ca359773483ca75,2
51tw4e4y2v26982,2026-07-10 11:30:22.731Z,2026-07-10 11:30:30.042Z,gx253xbn4mcfyzu,kppusrz7tvrdl1u,2ca359773483ca75,2
tvup101jzb2sbsn,2026-07-10 11:30:42.099Z,2026-07-10 11:30:42.099Z,iy38izhecpibmie,kppusrz7tvrdl1u,2ca359773483ca75,1
4ihgopwq240ajxe,2026-07-10 11:35:00.099Z,2026-07-10 11:35:00.099Z,97adr1rsnye7gby,0kueh5y5qyvwbsw,2ca359773483ca75,1
obg91naohfcrb6x,2026-07-13 07:55:35.354Z,2026-07-13 07:55:35.354Z,t1afdsktvoxdnfb,kppusrz7tvrdl1u,bc56f126724fbb5b,1
u2n99tqt85ttan8,2026-07-13 07:56:31.432Z,2026-07-13 07:56:31.432Z,pmhaqr83fuaiv2u,kppusrz7tvrdl1u,bc56f126724fbb5b,1
3einq3u9nvrhfsq,2026-07-13 08:10:34.115Z,2026-07-13 08:10:34.115Z,t1afdsktvoxdnfb,kppusrz7tvrdl1u,de13859e1d6aea12,1
fidni22t1eumvs1,2026-07-13 08:34:59.669Z,2026-07-23 17:20:14.345Z,uce5yuhwjhn9osm,fipe1arpisjzor5,de13859e1d6aea12,13
0tiqlv4uqc5q2yy,2026-07-13 08:43:18.164Z,2026-07-26 20:48:57.998Z,txzw6b8rlgu20pc,fipe1arpisjzor5,de13859e1d6aea12,13
s5v874618ww8yud,2026-07-13 08:43:37.967Z,2026-07-28 10:29:35.734Z,r1b7ompt9b76grh,fipe1arpisjzor5,de13859e1d6aea12,6
8g62cwwrnjgiazb,2026-07-13 09:01:19.768Z,2026-07-26 20:48:59.639Z,fw9ektyjhiiy0m7,fipe1arpisjzor5,de13859e1d6aea12,5
h2wfl6k8n6lyamu,2026-07-13 13:00:07.438Z,2026-07-13 13:00:23.900Z,tab6wja68t8mppz,fipe1arpisjzor5,bc56f126724fbb5b,2
i6k80ut5ihopacl,2026-07-13 13:24:55.764Z,2026-07-13 13:24:55.764Z,5wd9w4rfepuhrfj,kppusrz7tvrdl1u,4c86ed884e17d0af,1
6cq35ux0hn4l4zq,2026-07-13 13:27:27.498Z,2026-07-13 13:27:27.498Z,fw9ektyjhiiy0m7,fipe1arpisjzor5,0975d6bbf2b53d26,1
k6gyy93ueq1s06i,2026-07-15 17:02:29.488Z,2026-07-15 17:02:29.488Z,tab6wja68t8mppz,fipe1arpisjzor5,4c86ed884e17d0af,1
qd0f08lwrqbbbpg,2026-07-23 16:45:53.168Z,2026-07-26 20:49:07.966Z,agm69t6yeu7yw5u,fipe1arpisjzor5,de13859e1d6aea12,3
v7rbl6nip3mjosx,2026-07-23 16:46:43.521Z,2026-07-23 16:46:43.521Z,tab6wja68t8mppz,fipe1arpisjzor5,de13859e1d6aea12,1
