id,created,group,role,updated,user
1wi5mh0aktf2b2u,2026-08-06 13:21:57.461Z,m5obm8bp0rbq043,Admin,2026-08-06 13:21:57.461Z,de13859e1d6aea12
m5z0xignbsy0qmj,2026-08-06 13:42:01.484Z,m5obm8bp0rbq043,Member,2026-08-06 13:42:01.484Z,2c2aed88e0c41752
mtwbfw0hmi03u71,2026-08-06 14:33:28.193Z,m5obm8bp0rbq043,Member,2026-08-06 14:33:28.193Z,407be8b01d4ce342
nql2wq04w0n21mn,2026-08-06 20:41:39.266Z,m5obm8bp0rbq043,Member,2026-08-06 20:41:39.266Z,6a6cecc209785885
4b8rvt9xco5ta6x,2026-08-09 11:08:10.580Z,m5obm8bp0rbq043,Member,2026-08-09 11:08:10.580Z,216bb226ec191993
hrbkal9xdbuuwdu,2026-08-09 12:17:23.665Z,m5obm8bp0rbq043,Member,2026-08-09 12:17:23.665Z,3e36e627a64bac27
xhblc0rkq7btnsn,2026-08-10 09:23:24.023Z,m5obm8bp0rbq043,Member,2026-08-10 09:23:24.023Z,6a4af8b5c50c45a9
u7xeuidp9rmzxvq,2026-08-14 09:04:41.982Z,m5obm8bp0rbq043,Member,2026-08-14 09:04:41.982Z,35a5f57f8816142e
dqt0zcuu7gbr12o,2026-08-14 10:26:41.838Z,m5obm8bp0rbq043,Member,2026-08-14 10:26:41.838Z,ee5e4e5bfc419bad
jvivwvntowsxxkw,2026-08-14 11:47:06.463Z,m5obm8bp0rbq043,Member,2026-08-14 11:47:06.463Z,762fef61cd09705e
yw75mmy9d3e5hm0,2026-08-14 11:50:07.014Z,m5obm8bp0rbq043,Member,2026-08-14 11:50:07.014Z,b5234477b29af758
dkhn339z75x0ucr,2026-08-16 11:30:26.394Z,m5obm8bp0rbq043,Member,2026-08-16 11:30:26.394Z,9b6849405eda0dbd
zjai5t3gdi2qxwr,2026-08-17 07:33:28.282Z,m5obm8bp0rbq043,Member,2026-08-17 07:33:28.282Z,7c575f07d0147059
atz2m96ieu8d4d1,2026-08-18 13:37:05.258Z,m5obm8bp0rbq043,Member,2026-08-18 13:37:05.258Z,4ae21a849ee008e7
la7ar1q21xcic6y,2026-08-18 18:14:19.765Z,m5obm8bp0rbq043,Member,2026-08-18 18:14:19.765Z,a656e6eac2dca9c8
pnzqg5jrkys0nz8,2026-08-19 12:28:43.150Z,m5obm8bp0rbq043,Member,2026-08-19 12:28:43.150Z,b209c2355deb9852
9k3s8vclre8uwve,2026-08-19 21:15:11.651Z,m5obm8bp0rbq043,Member,2026-08-19 21:15:11.651Z,cc3304ea9b75a00f
