id,proposal,user
q2ri72boxe8xarm,z5ovabzo2syrqbj,407be8b01d4ce342
dlefhmprtzflqbm,l6ue0ntwy9qo9p6,407be8b01d4ce342
x00mcvd6m86uzps,yuk7erdsr4l9gbd,407be8b01d4ce342
uo6715x7ymjp13s,px3acjduduouqz6,407be8b01d4ce342
ztxjpkhrpi85qga,vee7zdpty5ijljm,407be8b01d4ce342
ul1iv08p5kcspyq,m5vq0q540kenhen,407be8b01d4ce342
lcrmt6jltmbr6hh,creod2dm6xewo2s,407be8b01d4ce342
ldehwvrl278pbcw,d8last7n0bdbqme,407be8b01d4ce342
ai68hrekb3r03yj,rgjhcdyr8kdvxyz,407be8b01d4ce342
impuxz8cxmpa99d,xtsnw7ypbsms4jl,407be8b01d4ce342
fealbg3stn3jt30,8mnhz0jpnllu7jd,407be8b01d4ce342
7qhyr26b0zze2qb,gjnpljxyyh1y1fv,407be8b01d4ce342
qfvy1tyxxl8qzdh,2w5teh1hty0mznr,407be8b01d4ce342
32lg6x7gzw2oowa,i7chbqu0hf4kc4s,407be8b01d4ce342
wvbv3wd50k0oza8,usjpvaq5nnvjl9w,407be8b01d4ce342
